file,production_canonical
index.html,https://mr-suds.ca/
policy.html,https://mr-suds.ca/policy.html
polishing-ceramic-coating.html,https://mr-suds.ca/polishing-ceramic-coating.html
premium-detailing.html,https://mr-suds.ca/premium-detailing.html
realwork/bmw-x7-premium-detailing-victoria.html,https://mr-suds.ca/realwork/bmw-x7-premium-detailing-victoria.html
realwork/ceramic-coating-tesla-model-y.html,https://mr-suds.ca/realwork/ceramic-coating-tesla-model-y.html
realwork/chemainus-sedan-mobile-detailing.html,https://mr-suds.ca/realwork/chemainus-sedan-mobile-detailing.html
realwork/chevrolet-2500-work-truck-detailing-vancouver-island.html,https://mr-suds.ca/realwork/chevrolet-2500-work-truck-detailing-vancouver-island.html
realwork/chevrolet-cobalt-mold-detailing-victoria.html,https://mr-suds.ca/realwork/chevrolet-cobalt-mold-detailing-victoria.html
realwork/dodge-caravan-mobile-detailing-mill-bay.html,https://mr-suds.ca/realwork/dodge-caravan-mobile-detailing-mill-bay.html
realwork/dodge-ram-detailing-shawnigan-lake.html,https://mr-suds.ca/realwork/dodge-ram-detailing-shawnigan-lake.html
realwork/duncan-tesla-model3-detailing.html,https://mr-suds.ca/realwork/duncan-tesla-model3-detailing.html
realwork/ford-f150-full-detailing-mill-bay.html,https://mr-suds.ca/realwork/ford-f150-full-detailing-mill-bay.html
realwork/ford-f350-mobile-detailing-shawnigan-lake.html,https://mr-suds.ca/realwork/ford-f350-mobile-detailing-shawnigan-lake.html
realwork/full-trailer-detailing-vancouver-island.html,https://mr-suds.ca/realwork/full-trailer-detailing-vancouver-island.html
realwork/honda-crv-mobile-detailing-maple-bay.html,https://mr-suds.ca/realwork/honda-crv-mobile-detailing-maple-bay.html
realwork/honda-crv-pet-hair-removal-cowichan-bay.html,https://mr-suds.ca/realwork/honda-crv-pet-hair-removal-cowichan-bay.html
realwork/honda-fit-mobile-detailing-victoria-bc.html,https://mr-suds.ca/realwork/honda-fit-mobile-detailing-victoria-bc.html
realwork/index.html,https://mr-suds.ca/realwork/index.html
realwork/jeep-wrangler-mobile-detailing.html,https://mr-suds.ca/realwork/jeep-wrangler-mobile-detailing.html
realwork/mazda-cx9-mobile-detailing-mill-bay.html,https://mr-suds.ca/realwork/mazda-cx9-mobile-detailing-mill-bay.html
realwork/mobile-detailing-for-tesla-model-x.html,https://mr-suds.ca/realwork/mobile-detailing-for-tesla-model-x.html
realwork/porsche-taycan-mobile-detailing-victoria.html,https://mr-suds.ca/realwork/porsche-taycan-mobile-detailing-victoria.html
realwork/ram-promaster-commercial-van-detailing.html,https://mr-suds.ca/realwork/ram-promaster-commercial-van-detailing.html
realwork/rivian-r1s-mobile-detailing-mill-bay.html,https://mr-suds.ca/realwork/rivian-r1s-mobile-detailing-mill-bay.html
realwork/sidney-subaru-crosstrek-detailing.html,https://mr-suds.ca/realwork/sidney-subaru-crosstrek-detailing.html
realwork/tesla-model-x-detailing-victoria.html,https://mr-suds.ca/realwork/tesla-model-x-detailing-victoria.html
realwork/toyota-matrix-pre-sale-detailing-cowichan-bay.html,https://mr-suds.ca/realwork/toyota-matrix-pre-sale-detailing-cowichan-bay.html
realwork/toyota-tacoma-detailing-cowichan-bay.html,https://mr-suds.ca/realwork/toyota-tacoma-detailing-cowichan-bay.html
standard-detailing.html,https://mr-suds.ca/standard-detailing.html
